Country,Code,Year,female labour participation rate (%)
Africa Eastern and Southern,,2010,65.53143479
Africa Eastern and Southern,,2011,65.44077875
Africa Eastern and Southern,,2012,65.3082161
Africa Eastern and Southern,,2013,65.4120758
Africa Eastern and Southern,,2014,65.37660311
Africa Eastern and Southern,,2015,65.55910227
Africa Eastern and Southern,,2016,65.68226158
Africa Eastern and Southern,,2017,65.84898315
Africa Eastern and Southern,,2018,65.90463777
Africa Eastern and Southern,,2019,65.97823518
Africa Western and Central,,2010,57.68769749
Africa Western and Central,,2011,57.57778763
Africa Western and Central,,2012,56.26046443
Africa Western and Central,,2013,54.98167803
Africa Western and Central,,2014,54.493715
Africa Western and Central,,2015,54.17085938
Africa Western and Central,,2016,53.81697734
Africa Western and Central,,2017,53.83520764
Africa Western and Central,,2018,53.93289397
Africa Western and Central,,2019,54.03164908
Algeria,DZA,2010,14.37
Algeria,DZA,2011,15.23
Algeria,DZA,2012,16.15
Algeria,DZA,2013,16.87
Algeria,DZA,2014,15.33
Algeria,DZA,2015,16.06
Algeria,DZA,2016,16.8
Algeria,DZA,2017,17.56
Algeria,DZA,2018,17.28
Algeria,DZA,2019,17.01
Angola,AGO,1990,75.9
Angola,AGO,1991,75.85
Angola,AGO,1992,75.81
Angola,AGO,1993,75.82
Angola,AGO,1994,75.77
Angola,AGO,1995,75.7
Angola,AGO,1996,75.67
Angola,AGO,1997,75.66
Angola,AGO,1998,75.65
Angola,AGO,1999,75.63
Angola,AGO,2000,75.6
Angola,AGO,2001,75.59
Angola,AGO,2002,75.54
Angola,AGO,2003,75.52
Angola,AGO,2004,75.49
Angola,AGO,2005,75.48
Angola,AGO,2006,75.52
Angola,AGO,2007,75.56
Angola,AGO,2008,75.61
Angola,AGO,2009,75.7
Angola,AGO,2010,75.77
Angola,AGO,2011,75.85
Angola,AGO,2012,75.92
Angola,AGO,2013,75.98
Angola,AGO,2014,76.03
Angola,AGO,2015,76.07
Angola,AGO,2016,76.11
Angola,AGO,2017,76.13
Angola,AGO,2018,76.13
Angola,AGO,2019,76.11
Benin,BEN,1990,57.35
Benin,BEN,1991,57.35
Benin,BEN,1992,57.37
Benin,BEN,1993,58.22
Benin,BEN,1994,59.07
Benin,BEN,1995,59.92
Benin,BEN,1996,60.74
Benin,BEN,1997,61.56
Benin,BEN,1998,62.36
Benin,BEN,1999,63.15
Benin,BEN,2000,63.93
Benin,BEN,2001,64.69
Benin,BEN,2002,65.44
Benin,BEN,2003,66.14
Benin,BEN,2004,66.77
Benin,BEN,2005,67.33
Benin,BEN,2006,67.82
Benin,BEN,2007,68.24
Benin,BEN,2008,68.61
Benin,BEN,2009,68.93
Benin,BEN,2010,69.22
Benin,BEN,2011,68.09
Benin,BEN,2012,68.14
Benin,BEN,2013,68.2
Benin,BEN,2014,68.27
Benin,BEN,2015,68.37
Benin,BEN,2016,68.46
Benin,BEN,2017,68.55
Benin,BEN,2018,68.65
Benin,BEN,2019,68.75
Botswana,BWA,1990,47.52
Botswana,BWA,1991,47.69
Botswana,BWA,1992,47.9
Botswana,BWA,1993,48.14
Botswana,BWA,1994,48.4
Botswana,BWA,1995,48.69
Botswana,BWA,1996,48.91
Botswana,BWA,1997,49.16
Botswana,BWA,1998,49.51
Botswana,BWA,1999,49.55
Botswana,BWA,2000,49.67
Botswana,BWA,2001,50.31
Botswana,BWA,2002,50.98
Botswana,BWA,2003,51.66
Botswana,BWA,2004,52.34
Botswana,BWA,2005,53
Botswana,BWA,2006,53.67
Botswana,BWA,2007,54.64
Botswana,BWA,2008,55.59
Botswana,BWA,2009,56.54
Botswana,BWA,2010,53.8
Botswana,BWA,2011,57.66
Botswana,BWA,2012,61.33
Botswana,BWA,2013,64.75
Botswana,BWA,2014,64.84
Botswana,BWA,2015,64.93
Botswana,BWA,2016,65.03
Botswana,BWA,2017,65.14
Botswana,BWA,2018,65.23
Botswana,BWA,2019,65.33
Burkina Faso,BFA,1990,76.31
Burkina Faso,BFA,1991,76.29
Burkina Faso,BFA,1992,75.48
Burkina Faso,BFA,1993,74.65
Burkina Faso,BFA,1994,73.79
Burkina Faso,BFA,1995,72.91
Burkina Faso,BFA,1996,71.99
Burkina Faso,BFA,1997,71.04
Burkina Faso,BFA,1998,70.06
Burkina Faso,BFA,1999,69.06
Burkina Faso,BFA,2000,68.03
Burkina Faso,BFA,2001,66.96
Burkina Faso,BFA,2002,65.86
Burkina Faso,BFA,2003,64.75
Burkina Faso,BFA,2004,63.6
Burkina Faso,BFA,2005,62.43
Burkina Faso,BFA,2006,61.23
Burkina Faso,BFA,2007,60.85
Burkina Faso,BFA,2008,60.46
Burkina Faso,BFA,2009,60.08
Burkina Faso,BFA,2010,59.71
Burkina Faso,BFA,2011,59.32
Burkina Faso,BFA,2012,58.95
Burkina Faso,BFA,2013,58.58
Burkina Faso,BFA,2014,58.22
Burkina Faso,BFA,2015,58.28
Burkina Faso,BFA,2016,58.33
Burkina Faso,BFA,2017,58.38
Burkina Faso,BFA,2018,58.43
Burkina Faso,BFA,2019,58.49
Burundi,BDI,1990,90.77
Burundi,BDI,1991,90.33
Burundi,BDI,1992,89.83
Burundi,BDI,1993,89.27
Burundi,BDI,1994,88.65
Burundi,BDI,1995,87.97
Burundi,BDI,1996,87.25
Burundi,BDI,1997,86.47
Burundi,BDI,1998,85.61
Burundi,BDI,1999,84.98
Burundi,BDI,2000,84.31
Burundi,BDI,2001,83.73
Burundi,BDI,2002,83.15
Burundi,BDI,2003,82.6
Burundi,BDI,2004,82.09
Burundi,BDI,2005,81.64
Burundi,BDI,2006,81.23
Burundi,BDI,2007,80.87
Burundi,BDI,2008,80.58
Burundi,BDI,2009,80.34
Burundi,BDI,2010,80.16
Burundi,BDI,2011,80.02
Burundi,BDI,2012,79.93
Burundi,BDI,2013,79.85
Burundi,BDI,2014,79.75
Burundi,BDI,2015,80.02
Burundi,BDI,2016,80.24
Burundi,BDI,2017,80.38
Burundi,BDI,2018,80.47
Burundi,BDI,2019,80.5
Cameroon,CMR,1990,78.95
Cameroon,CMR,1991,78.95
Cameroon,CMR,1992,78.94
Cameroon,CMR,1993,78.94
Cameroon,CMR,1994,78.9
Cameroon,CMR,1995,78.84
Cameroon,CMR,1996,78.78
Cameroon,CMR,1997,78.7
Cameroon,CMR,1998,78.62
Cameroon,CMR,1999,78.54
Cameroon,CMR,2000,78.46
Cameroon,CMR,2001,78.39
Cameroon,CMR,2002,78.33
Cameroon,CMR,2003,78.28
Cameroon,CMR,2004,78.23
Cameroon,CMR,2005,78.21
Cameroon,CMR,2006,78.23
Cameroon,CMR,2007,78.25
Cameroon,CMR,2008,75.85
Cameroon,CMR,2009,73.31
Cameroon,CMR,2010,70.64
Cameroon,CMR,2011,70.73
Cameroon,CMR,2012,70.83
Cameroon,CMR,2013,70.93
Cameroon,CMR,2014,71.02
Cameroon,CMR,2015,71.1
Cameroon,CMR,2016,71.17
Cameroon,CMR,2017,71.22
Cameroon,CMR,2018,71.27
Cameroon,CMR,2019,71.3
Cape Verde,CPV,1990,42.33
Cape Verde,CPV,1991,42.56
Cape Verde,CPV,1992,42.8
Cape Verde,CPV,1993,43.02
Cape Verde,CPV,1994,43.24
Cape Verde,CPV,1995,43.47
Cape Verde,CPV,1996,43.63
Cape Verde,CPV,1997,43.77
Cape Verde,CPV,1998,43.89
Cape Verde,CPV,1999,44
Cape Verde,CPV,2000,44.09
Cape Verde,CPV,2001,44.25
Cape Verde,CPV,2002,44.41
Cape Verde,CPV,2003,44.58
Cape Verde,CPV,2004,44.78
Cape Verde,CPV,2005,45.02
Cape Verde,CPV,2006,45.39
Cape Verde,CPV,2007,45.78
Cape Verde,CPV,2008,46.18
Cape Verde,CPV,2009,46.6
Cape Verde,CPV,2010,47.05
Cape Verde,CPV,2011,47.85
Cape Verde,CPV,2012,48.71
Cape Verde,CPV,2013,49.6
Cape Verde,CPV,2014,50.44
Cape Verde,CPV,2015,51.2
Cape Verde,CPV,2016,51.94
Cape Verde,CPV,2017,52.62
Cape Verde,CPV,2018,53.06
Cape Verde,CPV,2019,53.43
Central African Republic,CAF,1990,65.19
Central African Republic,CAF,1991,65.17
Central African Republic,CAF,1992,65.21
Central African Republic,CAF,1993,65.25
Central African Republic,CAF,1994,65.27
Central African Republic,CAF,1995,65.3
Central African Republic,CAF,1996,65.3
Central African Republic,CAF,1997,65.26
Central African Republic,CAF,1998,65.23
Central African Republic,CAF,1999,65.22
Central African Republic,CAF,2000,65.26
Central African Republic,CAF,2001,65.21
Central African Republic,CAF,2002,65.17
Central African Republic,CAF,2003,65.18
Central African Republic,CAF,2004,65.15
Central African Republic,CAF,2005,65.16
Central African Republic,CAF,2006,65.15
Central African Republic,CAF,2007,65.15
Central African Republic,CAF,2008,65.15
Central African Republic,CAF,2009,65.11
Central African Republic,CAF,2010,65.08
Central African Republic,CAF,2011,65.03
Central African Republic,CAF,2012,64.93
Central African Republic,CAF,2013,65.05
Central African Republic,CAF,2014,64.91
Central African Republic,CAF,2015,64.74
Central African Republic,CAF,2016,64.67
Central African Republic,CAF,2017,64.61
Central African Republic,CAF,2018,64.54
Central African Republic,CAF,2019,64.47
Chad,TCD,1990,64.79
Chad,TCD,1991,64.68
Chad,TCD,1992,64.59
Chad,TCD,1993,64.65
Chad,TCD,1994,64.57
Chad,TCD,1995,64.55
Chad,TCD,1996,64.5
Chad,TCD,1997,64.45
Chad,TCD,1998,64.4
Chad,TCD,1999,64.41
Chad,TCD,2000,64.41
Chad,TCD,2001,64.33
Chad,TCD,2002,64.27
Chad,TCD,2003,64.18
Chad,TCD,2004,64.02
Chad,TCD,2005,63.93
Chad,TCD,2006,63.93
Chad,TCD,2007,63.91
Chad,TCD,2008,63.91
Chad,TCD,2009,63.91
Chad,TCD,2010,63.85
Chad,TCD,2011,63.87
Chad,TCD,2012,63.84
Chad,TCD,2013,63.84
Chad,TCD,2014,63.83
Chad,TCD,2015,63.85
Chad,TCD,2016,63.91
Chad,TCD,2017,63.96
Chad,TCD,2018,63.98
Chad,TCD,2019,64
Comoros,COM,1990,31.13
Comoros,COM,1991,31.18
Comoros,COM,1992,31.19
Comoros,COM,1993,31.25
Comoros,COM,1994,31.39
Comoros,COM,1995,31.5
Comoros,COM,1996,31.63
Comoros,COM,1997,31.74
Comoros,COM,1998,31.89
Comoros,COM,1999,32.06
Comoros,COM,2000,32.22
Comoros,COM,2001,32.4
Comoros,COM,2002,32.6
Comoros,COM,2003,32.84
Comoros,COM,2004,33.09
Comoros,COM,2005,33.01
Comoros,COM,2006,32.96
Comoros,COM,2007,32.93
Comoros,COM,2008,32.93
Comoros,COM,2009,32.94
Comoros,COM,2010,32.98
Comoros,COM,2011,33.02
Comoros,COM,2012,33.08
Comoros,COM,2013,33.15
Comoros,COM,2014,33.22
Comoros,COM,2015,33.49
Comoros,COM,2016,33.7
Comoros,COM,2017,33.93
Comoros,COM,2018,34.17
Comoros,COM,2019,34.42
Congo,COG,1990,65.37
Congo,COG,1991,65.36
Congo,COG,1992,65.36
Congo,COG,1993,65.4
Congo,COG,1994,65.49
Congo,COG,1995,65.57
Congo,COG,1996,65.63
Congo,COG,1997,65.74
Congo,COG,1998,65.87
Congo,COG,1999,66.05
Congo,COG,2000,66.2
Congo,COG,2001,66.32
Congo,COG,2002,66.45
Congo,COG,2003,66.61
Congo,COG,2004,66.77
Congo,COG,2005,66.91
Congo,COG,2006,67.06
Congo,COG,2007,67.25
Congo,COG,2008,67.41
Congo,COG,2009,67.56
Congo,COG,2010,67.7
Congo,COG,2011,67.76
Congo,COG,2012,67.78
Congo,COG,2013,67.78
Congo,COG,2014,67.74
Congo,COG,2015,67.69
Congo,COG,2016,67.68
Congo,COG,2017,67.66
Congo,COG,2018,67.62
Congo,COG,2019,67.57
Cote d'Ivoire,CIV,1990,48.33
Cote d'Ivoire,CIV,1991,48.34
Cote d'Ivoire,CIV,1992,48.36
Cote d'Ivoire,CIV,1993,48.39
Cote d'Ivoire,CIV,1994,48.44
Cote d'Ivoire,CIV,1995,48.45
Cote d'Ivoire,CIV,1996,48.4
Cote d'Ivoire,CIV,1997,48.39
Cote d'Ivoire,CIV,1998,48.38
Cote d'Ivoire,CIV,1999,48.09
Cote d'Ivoire,CIV,2000,47.82
Cote d'Ivoire,CIV,2001,47.55
Cote d'Ivoire,CIV,2002,47.28
Cote d'Ivoire,CIV,2003,47.02
Cote d'Ivoire,CIV,2004,46.75
Cote d'Ivoire,CIV,2005,46.49
Cote d'Ivoire,CIV,2006,46.25
Cote d'Ivoire,CIV,2007,46.02
Cote d'Ivoire,CIV,2008,45.8
Cote d'Ivoire,CIV,2009,45.58
Cote d'Ivoire,CIV,2010,45.36
Cote d'Ivoire,CIV,2011,45.17
Cote d'Ivoire,CIV,2012,44.98
Cote d'Ivoire,CIV,2013,44.81
Cote d'Ivoire,CIV,2014,44.65
Cote d'Ivoire,CIV,2015,44.5
Cote d'Ivoire,CIV,2016,44.38
Cote d'Ivoire,CIV,2017,44.27
Cote d'Ivoire,CIV,2018,44.42
Cote d'Ivoire,CIV,2019,44.58
Democratic Republic of Congo,COD,1990,70.48
Democratic Republic of Congo,COD,1991,70.5
Democratic Republic of Congo,COD,1992,70.53
Democratic Republic of Congo,COD,1993,70.58
Democratic Republic of Congo,COD,1994,70.59
Democratic Republic of Congo,COD,1995,70.58
Democratic Republic of Congo,COD,1996,70.56
Democratic Republic of Congo,COD,1997,70.56
Democratic Republic of Congo,COD,1998,70.54
Democratic Republic of Congo,COD,1999,70.55
Democratic Republic of Congo,COD,2000,70.57
Democratic Republic of Congo,COD,2001,70.57
Democratic Republic of Congo,COD,2002,70.54
Democratic Republic of Congo,COD,2003,70.52
Democratic Republic of Congo,COD,2004,70.49
Democratic Republic of Congo,COD,2005,70.46
Democratic Republic of Congo,COD,2006,69.21
Democratic Republic of Congo,COD,2007,67.92
Democratic Republic of Congo,COD,2008,66.61
Democratic Republic of Congo,COD,2009,65.28
Democratic Republic of Congo,COD,2010,63.92
Democratic Republic of Congo,COD,2011,62.54
Democratic Republic of Congo,COD,2012,61.13
Democratic Republic of Congo,COD,2013,61.11
Democratic Republic of Congo,COD,2014,61.08
Democratic Republic of Congo,COD,2015,61.06
Democratic Republic of Congo,COD,2016,61.04
Democratic Republic of Congo,COD,2017,61.03
Democratic Republic of Congo,COD,2018,61.01
Democratic Republic of Congo,COD,2019,60.99
Djibouti,DJI,1990,45.55
Djibouti,DJI,1991,45.55
Djibouti,DJI,1992,45.59
Djibouti,DJI,1993,45.74
Djibouti,DJI,1994,45.85
Djibouti,DJI,1995,45.93
Djibouti,DJI,1996,46.09
Djibouti,DJI,1997,46.21
Djibouti,DJI,1998,46.3
Djibouti,DJI,1999,46.41
Djibouti,DJI,2000,46.59
Djibouti,DJI,2001,46.65
Djibouti,DJI,2002,46.74
Djibouti,DJI,2003,46.85
Djibouti,DJI,2004,46.97
Djibouti,DJI,2005,47.1
Djibouti,DJI,2006,47.45
Djibouti,DJI,2007,47.89
Djibouti,DJI,2008,48.4
Djibouti,DJI,2009,48.99
Djibouti,DJI,2010,49.56
Djibouti,DJI,2011,49.79
Djibouti,DJI,2012,49.97
Djibouti,DJI,2013,50.11
Djibouti,DJI,2014,50.23
Djibouti,DJI,2015,50.37
Djibouti,DJI,2016,50.41
Djibouti,DJI,2017,50.51
Djibouti,DJI,2018,50.63
Djibouti,DJI,2019,50.74
Egypt,EGY,1990,21.28
Egypt,EGY,1991,21.29
Egypt,EGY,1992,21.38
Egypt,EGY,1993,21.49
Egypt,EGY,1994,22.31
Egypt,EGY,1995,20.98
Egypt,EGY,1996,20.24
Egypt,EGY,1997,19.52
Egypt,EGY,1998,18.82
Egypt,EGY,1999,19.83
Egypt,EGY,2000,19.89
Egypt,EGY,2001,20.08
Egypt,EGY,2002,18.85
Egypt,EGY,2003,19.27
Egypt,EGY,2004,19.74
Egypt,EGY,2005,20.25
Egypt,EGY,2006,20.8
Egypt,EGY,2007,22.76
Egypt,EGY,2008,21.5
Egypt,EGY,2009,22.67
Egypt,EGY,2010,22.6
Egypt,EGY,2011,21.97
Egypt,EGY,2012,22.4
Egypt,EGY,2013,23.25
Egypt,EGY,2014,23.55
Egypt,EGY,2015,22.45
Egypt,EGY,2016,22.76
Egypt,EGY,2017,21.82
Egypt,EGY,2018,18.49
Egypt,EGY,2019,18.46
Equatorial Guinea,GNQ,1990,50.76
Equatorial Guinea,GNQ,1991,50.77
Equatorial Guinea,GNQ,1992,50.73
Equatorial Guinea,GNQ,1993,50.67
Equatorial Guinea,GNQ,1994,50.63
Equatorial Guinea,GNQ,1995,50.62
Equatorial Guinea,GNQ,1996,50.53
Equatorial Guinea,GNQ,1997,50.51
Equatorial Guinea,GNQ,1998,50.56
Equatorial Guinea,GNQ,1999,50.71
Equatorial Guinea,GNQ,2000,50.93
Equatorial Guinea,GNQ,2001,51.01
Equatorial Guinea,GNQ,2002,51.22
Equatorial Guinea,GNQ,2003,51.54
Equatorial Guinea,GNQ,2004,51.92
Equatorial Guinea,GNQ,2005,52.31
Equatorial Guinea,GNQ,2006,52.5
Equatorial Guinea,GNQ,2007,52.78
Equatorial Guinea,GNQ,2008,53.13
Equatorial Guinea,GNQ,2009,53.54
Equatorial Guinea,GNQ,2010,53.97
Equatorial Guinea,GNQ,2011,54
Equatorial Guinea,GNQ,2012,54.13
Equatorial Guinea,GNQ,2013,54.33
Equatorial Guinea,GNQ,2014,54.62
Equatorial Guinea,GNQ,2015,54.95
Equatorial Guinea,GNQ,2016,54.75
Equatorial Guinea,GNQ,2017,54.66
Equatorial Guinea,GNQ,2018,54.68
Equatorial Guinea,GNQ,2019,54.8
Eritrea,ERI,1990,72.47
Eritrea,ERI,1991,72.23
Eritrea,ERI,1992,71.91
Eritrea,ERI,1993,71.54
Eritrea,ERI,1994,71.11
Eritrea,ERI,1995,70.75
Eritrea,ERI,1996,70.71
Eritrea,ERI,1997,70.66
Eritrea,ERI,1998,70.58
Eritrea,ERI,1999,70.46
Eritrea,ERI,2000,70.31
Eritrea,ERI,2001,70.21
Eritrea,ERI,2002,70.08
Eritrea,ERI,2003,69.98
Eritrea,ERI,2004,69.95
Eritrea,ERI,2005,70.05
Eritrea,ERI,2006,70.3
Eritrea,ERI,2007,70.6
Eritrea,ERI,2008,70.95
Eritrea,ERI,2009,71.25
Eritrea,ERI,2010,71.54
Eritrea,ERI,2011,71.75
Eritrea,ERI,2012,71.92
Eritrea,ERI,2013,72.05
Eritrea,ERI,2014,71.95
Eritrea,ERI,2015,71.95
Eritrea,ERI,2016,71.95
Eritrea,ERI,2017,71.96
Eritrea,ERI,2018,71.86
Eritrea,ERI,2019,71.78
Ethiopia,ETH,1990,66.36
Ethiopia,ETH,1991,66.38
Ethiopia,ETH,1992,66.42
Ethiopia,ETH,1993,66.39
Ethiopia,ETH,1994,66.4
Ethiopia,ETH,1995,67.26
Ethiopia,ETH,1996,68.06
Ethiopia,ETH,1997,68.85
Ethiopia,ETH,1998,69.6
Ethiopia,ETH,1999,70.34
Ethiopia,ETH,2000,71.07
Ethiopia,ETH,2001,71.78
Ethiopia,ETH,2002,72.48
Ethiopia,ETH,2003,73.16
Ethiopia,ETH,2004,73.81
Ethiopia,ETH,2005,74.44
Ethiopia,ETH,2006,74.32
Ethiopia,ETH,2007,74.19
Ethiopia,ETH,2008,74.05
Ethiopia,ETH,2009,73.91
Ethiopia,ETH,2010,73.76
Ethiopia,ETH,2011,73.64
Ethiopia,ETH,2012,73.53
Ethiopia,ETH,2013,73.42
Ethiopia,ETH,2014,73.36
Ethiopia,ETH,2015,73.31
Ethiopia,ETH,2016,73.29
Ethiopia,ETH,2017,73.28
Ethiopia,ETH,2018,73.29
Ethiopia,ETH,2019,73.31
Gabon,GAB,1990,36.14
Gabon,GAB,1991,35.94
Gabon,GAB,1992,35.84
Gabon,GAB,1993,35.74
Gabon,GAB,1994,35.7
Gabon,GAB,1995,35.71
Gabon,GAB,1996,35.77
Gabon,GAB,1997,35.86
Gabon,GAB,1998,36.02
Gabon,GAB,1999,36.28
Gabon,GAB,2000,36.53
Gabon,GAB,2001,36.76
Gabon,GAB,2002,37.04
Gabon,GAB,2003,37.35
Gabon,GAB,2004,37.69
Gabon,GAB,2005,38.03
Gabon,GAB,2006,38.44
Gabon,GAB,2007,38.83
Gabon,GAB,2008,39.3
Gabon,GAB,2009,39.78
Gabon,GAB,2010,40.24
Gabon,GAB,2011,40.57
Gabon,GAB,2012,40.98
Gabon,GAB,2013,41.46
Gabon,GAB,2014,41.98
Gabon,GAB,2015,42.53
Gabon,GAB,2016,42.76
Gabon,GAB,2017,42.98
Gabon,GAB,2018,43.16
Gabon,GAB,2019,43.29
Gambia,GMB,1990,45.82
Gambia,GMB,1991,45.71
Gambia,GMB,1992,45.6
Gambia,GMB,1993,45.5
Gambia,GMB,1994,45.8
Gambia,GMB,1995,46.1
Gambia,GMB,1996,46.33
Gambia,GMB,1997,46.55
Gambia,GMB,1998,46.77
Gambia,GMB,1999,46.99
Gambia,GMB,2000,47.21
Gambia,GMB,2001,47.44
Gambia,GMB,2002,47.66
Gambia,GMB,2003,47.89
Gambia,GMB,2004,48.12
Gambia,GMB,2005,48.37
Gambia,GMB,2006,48.62
Gambia,GMB,2007,48.86
Gambia,GMB,2008,49.11
Gambia,GMB,2009,49.37
Gambia,GMB,2010,49.66
Gambia,GMB,2011,49.95
Gambia,GMB,2012,50.26
Gambia,GMB,2013,50.37
Gambia,GMB,2014,50.52
Gambia,GMB,2015,50.65
Gambia,GMB,2016,50.77
Gambia,GMB,2017,50.88
Gambia,GMB,2018,50.99
Gambia,GMB,2019,51.11
Ghana,GHA,1990,72.08
Ghana,GHA,1991,72.17
Ghana,GHA,1992,72.26
Ghana,GHA,1993,72.36
Ghana,GHA,1994,72.46
Ghana,GHA,1995,72.54
Ghana,GHA,1996,72.62
Ghana,GHA,1997,72.68
Ghana,GHA,1998,72.74
Ghana,GHA,1999,72.78
Ghana,GHA,2000,72.81
Ghana,GHA,2001,72.17
Ghana,GHA,2002,71.53
Ghana,GHA,2003,70.9
Ghana,GHA,2004,70.28
Ghana,GHA,2005,69.68
Ghana,GHA,2006,69.09
Ghana,GHA,2007,68.56
Ghana,GHA,2008,68.03
Ghana,GHA,2009,67.47
Ghana,GHA,2010,66.89
Ghana,GHA,2011,66.27
Ghana,GHA,2012,65.62
Ghana,GHA,2013,64.94
Ghana,GHA,2014,64.23
Ghana,GHA,2015,63.51
Ghana,GHA,2016,63.6
Ghana,GHA,2017,63.69
Ghana,GHA,2018,63.78
Ghana,GHA,2019,63.86
Guinea,GIN,1990,63.25
Guinea,GIN,1991,63.16
Guinea,GIN,1992,63.08
Guinea,GIN,1993,63
Guinea,GIN,1994,62.93
Guinea,GIN,1995,62.87
Guinea,GIN,1996,62.81
Guinea,GIN,1997,62.75
Guinea,GIN,1998,62.72
Guinea,GIN,1999,62.69
Guinea,GIN,2000,62.67
Guinea,GIN,2001,62.61
Guinea,GIN,2002,62.55
Guinea,GIN,2003,62.51
Guinea,GIN,2004,62.47
Guinea,GIN,2005,62.44
Guinea,GIN,2006,62.44
Guinea,GIN,2007,62.43
Guinea,GIN,2008,62.43
Guinea,GIN,2009,62.46
Guinea,GIN,2010,62.47
Guinea,GIN,2011,62.49
Guinea,GIN,2012,62.52
Guinea,GIN,2013,62.55
Guinea,GIN,2014,62.58
Guinea,GIN,2015,62.6
Guinea,GIN,2016,62.61
Guinea,GIN,2017,62.62
Guinea,GIN,2018,62.66
Guinea,GIN,2019,62.72
Guinea-Bissau,GNB,1990,65.1
Guinea-Bissau,GNB,1991,65.04
Guinea-Bissau,GNB,1992,65
Guinea-Bissau,GNB,1993,64.98
Guinea-Bissau,GNB,1994,64.96
Guinea-Bissau,GNB,1995,64.95
Guinea-Bissau,GNB,1996,64.81
Guinea-Bissau,GNB,1997,64.71
Guinea-Bissau,GNB,1998,64.82
Guinea-Bissau,GNB,1999,64.77
Guinea-Bissau,GNB,2000,64.72
Guinea-Bissau,GNB,2001,64.73
Guinea-Bissau,GNB,2002,64.76
Guinea-Bissau,GNB,2003,64.8
Guinea-Bissau,GNB,2004,64.83
Guinea-Bissau,GNB,2005,64.86
Guinea-Bissau,GNB,2006,64.91
Guinea-Bissau,GNB,2007,64.95
Guinea-Bissau,GNB,2008,65.02
Guinea-Bissau,GNB,2009,65.09
Guinea-Bissau,GNB,2010,65.17
Guinea-Bissau,GNB,2011,65.23
Guinea-Bissau,GNB,2012,65.35
Guinea-Bissau,GNB,2013,65.46
Guinea-Bissau,GNB,2014,65.57
Guinea-Bissau,GNB,2015,65.65
Guinea-Bissau,GNB,2016,65.7
Guinea-Bissau,GNB,2017,65.76
Guinea-Bissau,GNB,2018,65.82
Guinea-Bissau,GNB,2019,65.88
Kenya,KEN,1990,69.97
Kenya,KEN,1991,69.98
Kenya,KEN,1992,70
Kenya,KEN,1993,70.03
Kenya,KEN,1994,70.06
Kenya,KEN,1995,70.09
Kenya,KEN,1996,70.07
Kenya,KEN,1997,70.07
Kenya,KEN,1998,70.08
Kenya,KEN,1999,70.11
Kenya,KEN,2000,68.65
Kenya,KEN,2001,67.09
Kenya,KEN,2002,65.45
Kenya,KEN,2003,63.76
Kenya,KEN,2004,62.03
Kenya,KEN,2005,60.28
Kenya,KEN,2006,61.54
Kenya,KEN,2007,62.82
Kenya,KEN,2008,64.08
Kenya,KEN,2009,65.27
Kenya,KEN,2010,66.38
Kenya,KEN,2011,67.42
Kenya,KEN,2012,68.38
Kenya,KEN,2013,69.27
Kenya,KEN,2014,70.13
Kenya,KEN,2015,70.96
Kenya,KEN,2016,71.77
Kenya,KEN,2017,71.85
Kenya,KEN,2018,71.92
Kenya,KEN,2019,72.01
Lesotho,LSO,1990,68.35
Lesotho,LSO,1991,68.35
Lesotho,LSO,1992,68.35
Lesotho,LSO,1993,68.35
Lesotho,LSO,1994,68.34
Lesotho,LSO,1995,68.32
Lesotho,LSO,1996,68.34
Lesotho,LSO,1997,68.37
Lesotho,LSO,1998,68.41
Lesotho,LSO,1999,68.46
Lesotho,LSO,2000,67.7
Lesotho,LSO,2001,66.9
Lesotho,LSO,2002,66.1
Lesotho,LSO,2003,65.32
Lesotho,LSO,2004,64.56
Lesotho,LSO,2005,63.82
Lesotho,LSO,2006,63.15
Lesotho,LSO,2007,62.5
Lesotho,LSO,2008,61.86
Lesotho,LSO,2009,61.23
Lesotho,LSO,2010,60.6
Lesotho,LSO,2011,60.2
Lesotho,LSO,2012,59.78
Lesotho,LSO,2013,59.33
Lesotho,LSO,2014,59.57
Lesotho,LSO,2015,59.75
Lesotho,LSO,2016,59.92
Lesotho,LSO,2017,60.09
Lesotho,LSO,2018,60.24
Lesotho,LSO,2019,60.38
Liberia,LBR,1990,69.67
Liberia,LBR,1991,69.68
Liberia,LBR,1992,69.79
Liberia,LBR,1993,69.89
Liberia,LBR,1994,69.94
Liberia,LBR,1995,69.95
Liberia,LBR,1996,69.9
Liberia,LBR,1997,69.65
Liberia,LBR,1998,69.57
Liberia,LBR,1999,69.51
Liberia,LBR,2000,69.44
Liberia,LBR,2001,69.46
Liberia,LBR,2002,69.48
Liberia,LBR,2003,69.67
Liberia,LBR,2004,69.72
Liberia,LBR,2005,69.78
Liberia,LBR,2006,69.84
Liberia,LBR,2007,69.9
Liberia,LBR,2008,69.98
Liberia,LBR,2009,70.05
Liberia,LBR,2010,70.09
Liberia,LBR,2011,70.12
Liberia,LBR,2012,70.13
Liberia,LBR,2013,70.13
Liberia,LBR,2014,70.14
Liberia,LBR,2015,70.15
Liberia,LBR,2016,72.14
Liberia,LBR,2017,72.09
Liberia,LBR,2018,72.04
Liberia,LBR,2019,72
Libya,LBY,1990,24.1
Libya,LBY,1991,24.42
Libya,LBY,1992,24.81
Libya,LBY,1993,25.26
Libya,LBY,1994,25.73
Libya,LBY,1995,26.21
Libya,LBY,1996,26.71
Libya,LBY,1997,27.21
Libya,LBY,1998,27.72
Libya,LBY,1999,28.26
Libya,LBY,2000,28.82
Libya,LBY,2001,29.37
Libya,LBY,2002,29.95
Libya,LBY,2003,30.55
Libya,LBY,2004,31.16
Libya,LBY,2005,31.74
Libya,LBY,2006,32.21
Libya,LBY,2007,32.62
Libya,LBY,2008,32.99
Libya,LBY,2009,33.33
Libya,LBY,2010,33.64
Libya,LBY,2011,33.81
Libya,LBY,2012,33.94
Libya,LBY,2013,34.03
Libya,LBY,2014,34.05
Libya,LBY,2015,34.02
Libya,LBY,2016,34.06
Libya,LBY,2017,34.08
Libya,LBY,2018,34.06
Libya,LBY,2019,34.01
Madagascar,MDG,1990,84.12
Madagascar,MDG,1991,84.13
Madagascar,MDG,1992,84.11
Madagascar,MDG,1993,84.1
Madagascar,MDG,1994,84.08
Madagascar,MDG,1995,84.08
Madagascar,MDG,1996,84.09
Madagascar,MDG,1997,84.1
Madagascar,MDG,1998,84.12
Madagascar,MDG,1999,84.13
Madagascar,MDG,2000,84.14
Madagascar,MDG,2001,84.16
Madagascar,MDG,2002,84.19
Madagascar,MDG,2003,84.19
Madagascar,MDG,2004,84.18
Madagascar,MDG,2005,84.16
Madagascar,MDG,2006,84.92
Madagascar,MDG,2007,85.6
Madagascar,MDG,2008,86.19
Madagascar,MDG,2009,86.7
Madagascar,MDG,2010,87.12
Madagascar,MDG,2011,86.86
Madagascar,MDG,2012,86.55
Madagascar,MDG,2013,85.68
Madagascar,MDG,2014,84.67
Madagascar,MDG,2015,83.52
Madagascar,MDG,2016,83.42
Madagascar,MDG,2017,83.35
Madagascar,MDG,2018,83.29
Madagascar,MDG,2019,83.23
Malawi,MWI,1990,76.69
Malawi,MWI,1991,76.61
Malawi,MWI,1992,76.57
Malawi,MWI,1993,76.47
Malawi,MWI,1994,76.46
Malawi,MWI,1995,76.38
Malawi,MWI,1996,76.35
Malawi,MWI,1997,76.34
Malawi,MWI,1998,76.32
Malawi,MWI,1999,76.14
Malawi,MWI,2000,75.91
Malawi,MWI,2001,75.62
Malawi,MWI,2002,75.3
Malawi,MWI,2003,74.97
Malawi,MWI,2004,74.65
Malawi,MWI,2005,74.36
Malawi,MWI,2006,74.13
Malawi,MWI,2007,73.92
Malawi,MWI,2008,73.71
Malawi,MWI,2009,73.51
Malawi,MWI,2010,73.3
Malawi,MWI,2011,73.1
Malawi,MWI,2012,72.89
Malawi,MWI,2013,72.68
Malawi,MWI,2014,72.66
Malawi,MWI,2015,72.65
Malawi,MWI,2016,72.62
Malawi,MWI,2017,72.6
Malawi,MWI,2018,72.57
Malawi,MWI,2019,72.53
Mali,MLI,1990,59.8
Mali,MLI,1991,59.71
Mali,MLI,1992,59.7
Mali,MLI,1993,59.68
Mali,MLI,1994,59.68
Mali,MLI,1995,59.72
Mali,MLI,1996,59.73
Mali,MLI,1997,59.78
Mali,MLI,1998,59.83
Mali,MLI,1999,59.89
Mali,MLI,2000,59.99
Mali,MLI,2001,59.99
Mali,MLI,2002,60.06
Mali,MLI,2003,60.11
Mali,MLI,2004,60.2
Mali,MLI,2005,60.26
Mali,MLI,2006,60.26
Mali,MLI,2007,60.28
Mali,MLI,2008,60.29
Mali,MLI,2009,60.32
Mali,MLI,2010,60.34
Mali,MLI,2011,60.32
Mali,MLI,2012,60.34
Mali,MLI,2013,60.35
Mali,MLI,2014,60.33
Mali,MLI,2015,61.25
Mali,MLI,2016,59.52
Mali,MLI,2017,57.8
Mali,MLI,2018,57.82
Mali,MLI,2019,57.84
Mauritania,MRT,1990,29.53
Mauritania,MRT,1991,29.53
Mauritania,MRT,1992,29.54
Mauritania,MRT,1993,29.53
Mauritania,MRT,1994,29.59
Mauritania,MRT,1995,29.57
Mauritania,MRT,1996,29.57
Mauritania,MRT,1997,29.62
Mauritania,MRT,1998,29.64
Mauritania,MRT,1999,29.67
Mauritania,MRT,2000,29.76
Mauritania,MRT,2001,29.49
Mauritania,MRT,2002,29.24
Mauritania,MRT,2003,29.02
Mauritania,MRT,2004,28.81
Mauritania,MRT,2005,28.63
Mauritania,MRT,2006,28.46
Mauritania,MRT,2007,28.32
Mauritania,MRT,2008,28.21
Mauritania,MRT,2009,28.12
Mauritania,MRT,2010,28.05
Mauritania,MRT,2011,28
Mauritania,MRT,2012,27.98
Mauritania,MRT,2013,27.91
Mauritania,MRT,2014,27.86
Mauritania,MRT,2015,27.82
Mauritania,MRT,2016,27.79
Mauritania,MRT,2017,27.77
Mauritania,MRT,2018,27.94
Mauritania,MRT,2019,28.1
Mauritius,MUS,1990,38.47
Mauritius,MUS,1991,38.71
Mauritius,MUS,1992,38.83
Mauritius,MUS,1993,38.89
Mauritius,MUS,1994,38.96
Mauritius,MUS,1995,39.09
Mauritius,MUS,1996,39.15
Mauritius,MUS,1997,39.24
Mauritius,MUS,1998,39.38
Mauritius,MUS,1999,39.54
Mauritius,MUS,2000,39.71
Mauritius,MUS,2001,39.81
Mauritius,MUS,2002,39.87
Mauritius,MUS,2003,39.88
Mauritius,MUS,2004,39.83
Mauritius,MUS,2005,41.27
Mauritius,MUS,2006,41.53
Mauritius,MUS,2007,40.47
Mauritius,MUS,2008,41.28
Mauritius,MUS,2009,41.56
Mauritius,MUS,2010,43.05
Mauritius,MUS,2011,42.14
Mauritius,MUS,2012,42.49
Mauritius,MUS,2013,44.34
Mauritius,MUS,2014,44.62
Mauritius,MUS,2015,45.69
Mauritius,MUS,2016,44.77
Mauritius,MUS,2017,45.08
Mauritius,MUS,2018,44.96
Mauritius,MUS,2019,45.04
Morocco,MAR,1990,23.1
Morocco,MAR,1991,23.26
Morocco,MAR,1992,23.24
Morocco,MAR,1993,23.26
Morocco,MAR,1994,23.52
Morocco,MAR,1995,23.53
Morocco,MAR,1996,23.87
Morocco,MAR,1997,24.02
Morocco,MAR,1998,24.35
Morocco,MAR,1999,24.58
Morocco,MAR,2000,24.8
Morocco,MAR,2001,25.12
Morocco,MAR,2002,24.62
Morocco,MAR,2003,25.96
Morocco,MAR,2004,26.54
Morocco,MAR,2005,26.5
Morocco,MAR,2006,26.21
Morocco,MAR,2007,25.93
Morocco,MAR,2008,25.65
Morocco,MAR,2009,25.6
Morocco,MAR,2010,25.57
Morocco,MAR,2011,25.54
Morocco,MAR,2012,24.79
Morocco,MAR,2013,24.6
Morocco,MAR,2014,23.8
Morocco,MAR,2015,23.01
Morocco,MAR,2016,22.25
Morocco,MAR,2017,21.49
Morocco,MAR,2018,21.55
Morocco,MAR,2019,21.59
Mozambique,MOZ,1990,87.36
Mozambique,MOZ,1991,87.15
Mozambique,MOZ,1992,87.02
Mozambique,MOZ,1993,86.92
Mozambique,MOZ,1994,86.87
Mozambique,MOZ,1995,86.84
Mozambique,MOZ,1996,86.87
Mozambique,MOZ,1997,86.87
Mozambique,MOZ,1998,87.17
Mozambique,MOZ,1999,87.39
Mozambique,MOZ,2000,87.55
Mozambique,MOZ,2001,87.64
Mozambique,MOZ,2002,87.68
Mozambique,MOZ,2003,87.68
Mozambique,MOZ,2004,87.14
Mozambique,MOZ,2005,86.55
Mozambique,MOZ,2006,85.91
Mozambique,MOZ,2007,85.21
Mozambique,MOZ,2008,84.47
Mozambique,MOZ,2009,83.67
Mozambique,MOZ,2010,82.83
Mozambique,MOZ,2011,81.93
Mozambique,MOZ,2012,80.98
Mozambique,MOZ,2013,79.97
Mozambique,MOZ,2014,78.9
Mozambique,MOZ,2015,77.76
Mozambique,MOZ,2016,77.69
Mozambique,MOZ,2017,77.61
Mozambique,MOZ,2018,77.52
Mozambique,MOZ,2019,77.44
Namibia,NAM,1990,48.45
Namibia,NAM,1991,48.54
Namibia,NAM,1992,48.66
Namibia,NAM,1993,48.86
Namibia,NAM,1994,49.05
Namibia,NAM,1995,48.36
Namibia,NAM,1996,47.7
Namibia,NAM,1997,47.1
Namibia,NAM,1998,47.38
Namibia,NAM,1999,47.67
Namibia,NAM,2000,47.95
Namibia,NAM,2001,48.43
Namibia,NAM,2002,48.87
Namibia,NAM,2003,49.3
Namibia,NAM,2004,49.71
Namibia,NAM,2005,50.12
Namibia,NAM,2006,50.62
Namibia,NAM,2007,51.12
Namibia,NAM,2008,51.6
Namibia,NAM,2009,52.09
Namibia,NAM,2010,52.59
Namibia,NAM,2011,53.18
Namibia,NAM,2012,53.79
Namibia,NAM,2013,58.12
Namibia,NAM,2014,57.45
Namibia,NAM,2015,56.35
Namibia,NAM,2016,55.31
Namibia,NAM,2017,55.32
Namibia,NAM,2018,55.47
Namibia,NAM,2019,55.77
Niger,NER,1990,69.07
Niger,NER,1991,69.07
Niger,NER,1992,69.06
Niger,NER,1993,69.06
Niger,NER,1994,69.06
Niger,NER,1995,69.05
Niger,NER,1996,69.03
Niger,NER,1997,69
Niger,NER,1998,68.94
Niger,NER,1999,68.93
Niger,NER,2000,68.93
Niger,NER,2001,68.89
Niger,NER,2002,68.86
Niger,NER,2003,68.86
Niger,NER,2004,68.86
Niger,NER,2005,68.83
Niger,NER,2006,68.77
Niger,NER,2007,68.74
Niger,NER,2008,68.68
Niger,NER,2009,68.66
Niger,NER,2010,68.6
Niger,NER,2011,68.54
Niger,NER,2012,66.13
Niger,NER,2013,63.62
Niger,NER,2014,61.04
Niger,NER,2015,60.99
Niger,NER,2016,60.94
Niger,NER,2017,60.89
Niger,NER,2018,60.84
Niger,NER,2019,60.8
Nigeria,NGA,1990,55.24
Nigeria,NGA,1991,55.17
Nigeria,NGA,1992,55.11
Nigeria,NGA,1993,55.11
Nigeria,NGA,1994,55.14
Nigeria,NGA,1995,55.18
Nigeria,NGA,1996,55.14
Nigeria,NGA,1997,55.13
Nigeria,NGA,1998,55.15
Nigeria,NGA,1999,55.21
Nigeria,NGA,2000,55.26
Nigeria,NGA,2001,55.24
Nigeria,NGA,2002,55.18
Nigeria,NGA,2003,55.19
Nigeria,NGA,2004,55.2
Nigeria,NGA,2005,55.24
Nigeria,NGA,2006,55.23
Nigeria,NGA,2007,55.24
Nigeria,NGA,2008,55.25
Nigeria,NGA,2009,55.26
Nigeria,NGA,2010,55.26
Nigeria,NGA,2011,55.25
Nigeria,NGA,2012,52.7
Nigeria,NGA,2013,50.24
Nigeria,NGA,2014,49.57
Nigeria,NGA,2015,48.85
Nigeria,NGA,2016,48.11
Nigeria,NGA,2017,48.26
Nigeria,NGA,2018,48.39
Nigeria,NGA,2019,48.52
Rwanda,RWA,1990,87.95
Rwanda,RWA,1991,87.76
Rwanda,RWA,1992,87.42
Rwanda,RWA,1993,86.91
Rwanda,RWA,1994,86.33
Rwanda,RWA,1995,85.65
Rwanda,RWA,1996,85.58
Rwanda,RWA,1997,85.35
Rwanda,RWA,1998,85.07
Rwanda,RWA,1999,84.77
Rwanda,RWA,2000,84.48
Rwanda,RWA,2001,84.38
Rwanda,RWA,2002,84.32
Rwanda,RWA,2003,84.28
Rwanda,RWA,2004,84.24
Rwanda,RWA,2005,84.2
Rwanda,RWA,2006,84.17
Rwanda,RWA,2007,84.15
Rwanda,RWA,2008,84.13
Rwanda,RWA,2009,84.11
Rwanda,RWA,2010,84.08
Rwanda,RWA,2011,84.06
Rwanda,RWA,2012,84.01
Rwanda,RWA,2013,83.94
Rwanda,RWA,2014,83.85
Rwanda,RWA,2015,83.88
Rwanda,RWA,2016,83.88
Rwanda,RWA,2017,83.9
Rwanda,RWA,2018,83.91
Rwanda,RWA,2019,83.89
Sao Tome and Principe,STP,1990,37.03
Sao Tome and Principe,STP,1991,37.09
Sao Tome and Principe,STP,1992,37.07
Sao Tome and Principe,STP,1993,37.03
Sao Tome and Principe,STP,1994,37.03
Sao Tome and Principe,STP,1995,37.11
Sao Tome and Principe,STP,1996,37.26
Sao Tome and Principe,STP,1997,37.51
Sao Tome and Principe,STP,1998,37.84
Sao Tome and Principe,STP,1999,38.21
Sao Tome and Principe,STP,2000,38.58
Sao Tome and Principe,STP,2001,38.84
Sao Tome and Principe,STP,2002,39.1
Sao Tome and Principe,STP,2003,39.29
Sao Tome and Principe,STP,2004,39.47
Sao Tome and Principe,STP,2005,39.6
Sao Tome and Principe,STP,2006,40.02
Sao Tome and Principe,STP,2007,40.48
Sao Tome and Principe,STP,2008,40.86
Sao Tome and Principe,STP,2009,41.22
Sao Tome and Principe,STP,2010,41.48
Sao Tome and Principe,STP,2011,41.62
Sao Tome and Principe,STP,2012,41.7
Sao Tome and Principe,STP,2013,41.72
Sao Tome and Principe,STP,2014,41.69
Sao Tome and Principe,STP,2015,41.67
Sao Tome and Principe,STP,2016,41.68
Sao Tome and Principe,STP,2017,41.67
Sao Tome and Principe,STP,2018,41.65
Sao Tome and Principe,STP,2019,41.64
Senegal,SEN,1990,32.92
Senegal,SEN,1991,32.94
Senegal,SEN,1992,32.96
Senegal,SEN,1993,33.01
Senegal,SEN,1994,33.08
Senegal,SEN,1995,33.15
Senegal,SEN,1996,33.17
Senegal,SEN,1997,33.22
Senegal,SEN,1998,33.27
Senegal,SEN,1999,33.34
Senegal,SEN,2000,33.43
Senegal,SEN,2001,33.51
Senegal,SEN,2002,33.63
Senegal,SEN,2003,33.72
Senegal,SEN,2004,33.82
Senegal,SEN,2005,33.92
Senegal,SEN,2006,34.01
Senegal,SEN,2007,34.08
Senegal,SEN,2008,34.15
Senegal,SEN,2009,34.22
Senegal,SEN,2010,34.3
Senegal,SEN,2011,34.38
Senegal,SEN,2012,34.46
Senegal,SEN,2013,34.54
Senegal,SEN,2014,34.62
Senegal,SEN,2015,34.7
Senegal,SEN,2016,34.78
Senegal,SEN,2017,34.87
Senegal,SEN,2018,34.99
Senegal,SEN,2019,35.12
Somalia,SOM,1990,24.61
Somalia,SOM,1991,24.35
Somalia,SOM,1992,24.26
Somalia,SOM,1993,24.14
Somalia,SOM,1994,24.12
Somalia,SOM,1995,23.84
Somalia,SOM,1996,23.44
Somalia,SOM,1997,23.08
Somalia,SOM,1998,22.7
Somalia,SOM,1999,22.36
Somalia,SOM,2000,22.11
Somalia,SOM,2001,21.74
Somalia,SOM,2002,21.53
Somalia,SOM,2003,21.42
Somalia,SOM,2004,21.36
Somalia,SOM,2005,21.32
Somalia,SOM,2006,21.12
Somalia,SOM,2007,20.94
Somalia,SOM,2008,20.79
Somalia,SOM,2009,20.74
Somalia,SOM,2010,20.79
Somalia,SOM,2011,20.76
Somalia,SOM,2012,20.86
Somalia,SOM,2013,21.04
Somalia,SOM,2014,21.25
Somalia,SOM,2015,21.44
Somalia,SOM,2016,21.63
Somalia,SOM,2017,21.82
Somalia,SOM,2018,22
Somalia,SOM,2019,22.21
South Africa,ZAF,1990,41.43
South Africa,ZAF,1991,41.72
South Africa,ZAF,1992,42.05
South Africa,ZAF,1993,42.39
South Africa,ZAF,1994,42.74
South Africa,ZAF,1995,43.12
South Africa,ZAF,1996,43.43
South Africa,ZAF,1997,43.75
South Africa,ZAF,1998,44.11
South Africa,ZAF,1999,44.51
South Africa,ZAF,2000,44.94
South Africa,ZAF,2001,45.26
South Africa,ZAF,2002,45.62
South Africa,ZAF,2003,46.02
South Africa,ZAF,2004,46.43
South Africa,ZAF,2005,46.83
South Africa,ZAF,2006,47.15
South Africa,ZAF,2007,47.46
South Africa,ZAF,2008,47.78
South Africa,ZAF,2009,46.3
South Africa,ZAF,2010,44.89
South Africa,ZAF,2011,45.46
South Africa,ZAF,2012,45.83
South Africa,ZAF,2013,46.91
South Africa,ZAF,2014,47.24
South Africa,ZAF,2015,48.57
South Africa,ZAF,2016,48.65
South Africa,ZAF,2017,49.57
South Africa,ZAF,2018,49.51
South Africa,ZAF,2019,49.59
South Sudan,SSD,1990,71.02
South Sudan,SSD,1991,70.96
South Sudan,SSD,1992,70.92
South Sudan,SSD,1993,70.9
South Sudan,SSD,1994,70.89
South Sudan,SSD,1995,70.88
South Sudan,SSD,1996,70.86
South Sudan,SSD,1997,70.85
South Sudan,SSD,1998,70.84
South Sudan,SSD,1999,70.83
South Sudan,SSD,2000,70.81
South Sudan,SSD,2001,70.76
South Sudan,SSD,2002,70.72
South Sudan,SSD,2003,70.68
South Sudan,SSD,2004,70.64
South Sudan,SSD,2005,70.62
South Sudan,SSD,2006,70.61
South Sudan,SSD,2007,70.61
South Sudan,SSD,2008,70.62
South Sudan,SSD,2009,70.63
South Sudan,SSD,2010,70.63
South Sudan,SSD,2011,70.63
South Sudan,SSD,2012,70.63
South Sudan,SSD,2013,70.64
South Sudan,SSD,2014,70.66
South Sudan,SSD,2015,70.69
South Sudan,SSD,2016,70.73
South Sudan,SSD,2017,70.79
South Sudan,SSD,2018,70.86
South Sudan,SSD,2019,70.93
Sub-Saharan Africa,,1990,62.39951475
Sub-Saharan Africa,,1991,62.39691155
Sub-Saharan Africa,,1992,62.40434089
Sub-Saharan Africa,,1993,62.43184701
Sub-Saharan Africa,,1994,62.47386825
Sub-Saharan Africa,,1995,62.59909648
Sub-Saharan Africa,,1996,62.70414014
Sub-Saharan Africa,,1997,62.784476
Sub-Saharan Africa,,1998,62.8582515
Sub-Saharan Africa,,1999,62.93768471
Sub-Saharan Africa,,2000,63.00190434
Sub-Saharan Africa,,2001,63.01765381
Sub-Saharan Africa,,2002,63.05201459
Sub-Saharan Africa,,2003,63.09600993
Sub-Saharan Africa,,2004,63.12813375
Sub-Saharan Africa,,2005,63.12980881
Sub-Saharan Africa,,2006,63.11938284
Sub-Saharan Africa,,2007,63.06976833
Sub-Saharan Africa,,2008,62.9614339
Sub-Saharan Africa,,2009,62.70305739
Sub-Saharan Africa,,2010,62.42335432
Sub-Saharan Africa,,2011,62.32937915
Sub-Saharan Africa,,2012,61.73352658
Sub-Saharan Africa,,2013,61.2974949
Sub-Saharan Africa,,2014,61.08938471
Sub-Saharan Africa,,2015,61.07772336
Sub-Saharan Africa,,2016,61.01902933
Sub-Saharan Africa,,2017,61.13161714
Sub-Saharan Africa,,2018,61.20671202
Sub-Saharan Africa,,2019,61.29248435
Sudan,SDN,1990,23.45
Sudan,SDN,1991,24.23
Sudan,SDN,1992,25.03
Sudan,SDN,1993,25.87
Sudan,SDN,1994,26.73
Sudan,SDN,1995,27.61
Sudan,SDN,1996,28.51
Sudan,SDN,1997,28.45
Sudan,SDN,1998,28.4
Sudan,SDN,1999,28.35
Sudan,SDN,2000,28.32
Sudan,SDN,2001,28.29
Sudan,SDN,2002,28.27
Sudan,SDN,2003,28.25
Sudan,SDN,2004,28.24
Sudan,SDN,2005,28.22
Sudan,SDN,2006,28.2
Sudan,SDN,2007,28.18
Sudan,SDN,2008,28.16
Sudan,SDN,2009,28.14
Sudan,SDN,2010,28.12
Sudan,SDN,2011,28.1
Sudan,SDN,2012,28.16
Sudan,SDN,2013,28.28
Sudan,SDN,2014,28.43
Sudan,SDN,2015,28.58
Sudan,SDN,2016,28.73
Sudan,SDN,2017,28.9
Sudan,SDN,2018,29.12
Sudan,SDN,2019,29.36
Tanzania,TZA,1990,84.85
Tanzania,TZA,1991,84.84
Tanzania,TZA,1992,84.82
Tanzania,TZA,1993,84.8
Tanzania,TZA,1994,84.77
Tanzania,TZA,1995,84.73
Tanzania,TZA,1996,84.71
Tanzania,TZA,1997,84.69
Tanzania,TZA,1998,84.65
Tanzania,TZA,1999,84.62
Tanzania,TZA,2000,84.6
Tanzania,TZA,2001,84.58
Tanzania,TZA,2002,85.17
Tanzania,TZA,2003,85.71
Tanzania,TZA,2004,86.23
Tanzania,TZA,2005,86.71
Tanzania,TZA,2006,87.16
Tanzania,TZA,2007,86.51
Tanzania,TZA,2008,85.8
Tanzania,TZA,2009,85.02
Tanzania,TZA,2010,84.16
Tanzania,TZA,2011,83.23
Tanzania,TZA,2012,82.2
Tanzania,TZA,2013,81.08
Tanzania,TZA,2014,79.84
Tanzania,TZA,2015,79.85
Tanzania,TZA,2016,79.83
Tanzania,TZA,2017,79.79
Tanzania,TZA,2018,79.75
Tanzania,TZA,2019,79.69
Togo,TGO,1990,52.93
Togo,TGO,1991,52.91
Togo,TGO,1992,52.92
Togo,TGO,1993,53
Togo,TGO,1994,52.92
Togo,TGO,1995,52.87
Togo,TGO,1996,52.95
Togo,TGO,1997,53.03
Togo,TGO,1998,53.23
Togo,TGO,1999,53.44
Togo,TGO,2000,53.71
Togo,TGO,2001,53.85
Togo,TGO,2002,54
Togo,TGO,2003,54.14
Togo,TGO,2004,54.33
Togo,TGO,2005,54.54
Togo,TGO,2006,54.7
Togo,TGO,2007,54.9
Togo,TGO,2008,55.06
Togo,TGO,2009,55.21
Togo,TGO,2010,55.34
Togo,TGO,2011,55.45
Togo,TGO,2012,55.56
Togo,TGO,2013,55.66
Togo,TGO,2014,55.76
Togo,TGO,2015,55.86
Togo,TGO,2016,55.95
Togo,TGO,2017,56.05
Togo,TGO,2018,56.14
Togo,TGO,2019,56.25
Tunisia,TUN,1990,22.35
Tunisia,TUN,1991,22.4
Tunisia,TUN,1992,22.51
Tunisia,TUN,1993,22.58
Tunisia,TUN,1994,22.68
Tunisia,TUN,1995,22.9
Tunisia,TUN,1996,23.13
Tunisia,TUN,1997,23.38
Tunisia,TUN,1998,23.3
Tunisia,TUN,1999,23.23
Tunisia,TUN,2000,23.18
Tunisia,TUN,2001,23.15
Tunisia,TUN,2002,23.14
Tunisia,TUN,2003,23.15
Tunisia,TUN,2004,23.19
Tunisia,TUN,2005,23.25
Tunisia,TUN,2006,24.1
Tunisia,TUN,2007,24.18
Tunisia,TUN,2008,24.38
Tunisia,TUN,2009,24.4
Tunisia,TUN,2010,24.46
Tunisia,TUN,2011,24.44
Tunisia,TUN,2012,25.21
Tunisia,TUN,2013,25.09
Tunisia,TUN,2014,25.41
Tunisia,TUN,2015,25.79
Tunisia,TUN,2016,25.55
Tunisia,TUN,2017,25.34
Tunisia,TUN,2018,25.12
Tunisia,TUN,2019,24.89
Uganda,UGA,1990,62.57
Uganda,UGA,1991,62.55
Uganda,UGA,1992,62.73
Uganda,UGA,1993,62.91
Uganda,UGA,1994,63.1
Uganda,UGA,1995,63.28
Uganda,UGA,1996,63.45
Uganda,UGA,1997,63.62
Uganda,UGA,1998,63.79
Uganda,UGA,1999,63.96
Uganda,UGA,2000,64.13
Uganda,UGA,2001,64.32
Uganda,UGA,2002,64.51
Uganda,UGA,2003,64.7
Uganda,UGA,2004,64.89
Uganda,UGA,2005,65.07
Uganda,UGA,2006,65.27
Uganda,UGA,2007,65.46
Uganda,UGA,2008,65.65
Uganda,UGA,2009,65.84
Uganda,UGA,2010,66.05
Uganda,UGA,2011,66.25
Uganda,UGA,2012,66.46
Uganda,UGA,2013,66.52
Uganda,UGA,2014,66.58
Uganda,UGA,2015,66.64
Uganda,UGA,2016,66.71
Uganda,UGA,2017,66.79
Uganda,UGA,2018,66.86
Uganda,UGA,2019,66.93
Zambia,ZMB,1990,73.86
Zambia,ZMB,1991,73.85
Zambia,ZMB,1992,73.84
Zambia,ZMB,1993,73.77
Zambia,ZMB,1994,73.78
Zambia,ZMB,1995,73.74
Zambia,ZMB,1996,73.69
Zambia,ZMB,1997,73.65
Zambia,ZMB,1998,73.64
Zambia,ZMB,1999,73.61
Zambia,ZMB,2000,73.58
Zambia,ZMB,2001,73.6
Zambia,ZMB,2002,73.63
Zambia,ZMB,2003,73.63
Zambia,ZMB,2004,73.63
Zambia,ZMB,2005,73.62
Zambia,ZMB,2006,73.15
Zambia,ZMB,2007,72.66
Zambia,ZMB,2008,72.16
Zambia,ZMB,2009,71.65
Zambia,ZMB,2010,71.12
Zambia,ZMB,2011,70.62
Zambia,ZMB,2012,70.12
Zambia,ZMB,2013,70.16
Zambia,ZMB,2014,70.2
Zambia,ZMB,2015,70.25
Zambia,ZMB,2016,70.29
Zambia,ZMB,2017,70.32
Zambia,ZMB,2018,70.35
Zambia,ZMB,2019,70.4
Zimbabwe,ZWE,1990,73.94
Zimbabwe,ZWE,1991,73.94
Zimbabwe,ZWE,1992,74.01
Zimbabwe,ZWE,1993,74.01
Zimbabwe,ZWE,1994,73.95
Zimbabwe,ZWE,1995,73.92
Zimbabwe,ZWE,1996,73.84
Zimbabwe,ZWE,1997,73.78
Zimbabwe,ZWE,1998,72.35
Zimbabwe,ZWE,1999,70.81
Zimbabwe,ZWE,2000,72.11
Zimbabwe,ZWE,2001,73.5
Zimbabwe,ZWE,2002,74.78
Zimbabwe,ZWE,2003,75.97
Zimbabwe,ZWE,2004,77.11
Zimbabwe,ZWE,2005,77.06
Zimbabwe,ZWE,2006,77.1
Zimbabwe,ZWE,2007,77.14
Zimbabwe,ZWE,2008,77.19
Zimbabwe,ZWE,2009,77.24
Zimbabwe,ZWE,2010,77.29
Zimbabwe,ZWE,2011,77.44
Zimbabwe,ZWE,2012,77.53
Zimbabwe,ZWE,2013,77.66
Zimbabwe,ZWE,2014,77.77
Zimbabwe,ZWE,2015,77.85
Zimbabwe,ZWE,2016,77.94
Zimbabwe,ZWE,2017,77.99
Zimbabwe,ZWE,2018,78.04
Zimbabwe,ZWE,2019,78.12
